{
  "project_info": {
    "project_number": "990540020763",
    "project_id": "fir-auth-4ae14",
    "storage_bucket": "fir-auth-4ae14.firebasestorage.app"
  },
  "client": [
    {
      "client_info": {
        "mobilesdk_app_id": "1:990540020763:android:f3bebadf6f7a1486464cbe",
        "android_client_info": {
          "package_name": "com.flutter_auth.app"
        }
      },
      "oauth_client": [],
      "api_key": [
        {
          "current_key": "AIzaSyDiefDM_E1ll1O-GLHKFJr_kVY6R19vG5E"
        }
      ],
      "services": {
        "appinvite_service": {
          "other_platform_oauth_client": []
        }
      }
    },
    {
      "client_info": {
        "mobilesdk_app_id": "1:990540020763:android:a0b964f3dc7bb13b464cbe",
        "android_client_info": {
          "package_name": "com.project.myflutterapp"
        }
      },
      "oauth_client": [],
      "api_key": [
        {
          "current_key": "AIzaSyDiefDM_E1ll1O-GLHKFJr_kVY6R19vG5E"
        }
      ],
      "services": {
        "appinvite_service": {
          "other_platform_oauth_client": []
        }
      }
    }
  ],
  "configuration_version": "1"
}